,Maximum Stress,Strain at break,Cycle
0,23.8,142.7288,PA56-B2
1,22.339999999999996,60.0332,PA56-B2
2,22.75,96.9432,PA56-B2
3,22.28,147.8616,PA56-B2
4,22.45,56.9314,PA56-B3
5,22.5,34.7146,PA56-B3
6,22.919999999999998,12.12,PA56-B3
7,22.919999999999998,21.2552,PA56-B3
8,23.21,57.9778,PA56-B3
9,22.96,18.753,PA56-B1
10,22.32,35.206,PA56-B1
11,22.990000000000002,106.3884,PA56-B1
12,22.990000000000002,36.1794,PA56-B1
13,22.720000000000002,360.0012,PA56-B1
14,26.1,56.87960000000001,PA56-A1
15,25.640000000000004,49.8146,PA56-A1
16,26.590000000000003,69.4356,PA56-A1
17,25.82,56.7214,PA56-A1
18,26.110000000000003,26.4036,PA56-A1
19,27.0,96.122,PA56-A2
20,24.25,28.049000000000003,PA56-A2
21,25.31,62.2142,PA56-A2
22,25.06,149.2122,PA56-A2
23,23.869999999999997,76.9578,PA56-A2
24,24.52,25.1114,PA56-A3
25,25.65,30.4238,PA56-A3
26,23.68,24.2706,PA56-A3
27,24.65,19.8856,PA56-A3
28,24.669999999999998,24.0386,PA56-A3
29,21.779999999999998,10.9234,PA56-C1
30,22.520000000000003,8.8584,PA56-C1
31,21.970000000000002,9.367,PA56-C1
32,22.85,8.6844,PA56-C1
33,22.18,8.302,PA56-C1
34,21.47,11.6624,PA56-C2
35,21.65,8.8656,PA56-C2
36,21.310000000000002,10.9506,PA56-C2
37,23.22,10.229,PA56-C2
38,22.220000000000002,7.6848,PA56-C2
39,22.15,8.6386,PA56-C3
40,21.770000000000003,9.6688,PA56-C3
41,22.73,10.5466,PA56-C3
42,23.84,13.455,PA56-C3
43,24.34,15.135400000000002,PA56-C3
