Sample,Modulus (Mpa),Modulus (Mpa),Modulus (Mpa),Modulus (Mpa),Modulus (Mpa),Mean Modulus,Standard Dev. ,Tensile stress at Yield (zero slope) (Mpa),Tensile stress at Yield (zero slope) (Mpa),Tensile stress at Yield (zero slope) (Mpa),Tensile stress at Yield (zero slope) (Mpa),Tensile stress at Yield (zero slope) (Mpa),Mean Tensile Stress,Standard Deviation
Batch 1,2546.28,2314.56,2451.46,2320.71,2360.64,2398.73,63.1407414,29.05,27.37,27.49,26.58,27.15,27.528,0.919847813
Batch 2,2054.9,2284.44,2462.87,2274.04,2226.56,2260.562,103.7019185,23.58,27.71,29.92,27.55,26.64,27.08,2.298205822
Batch 3,2477.2,2698.62,2504.66,2445.36,2548.41,2534.85,108.1565256,26.75,29.55,27.89,26.56,28.41,27.832,1.232647557
Batch 4,2122.41,2224.94,2248.87,2248.34,2166.59,2202.23,38.70644778,25.68,26.25,25.36,26.14,26.6,26.006,0.488344141
Batch 5,2241.75,2484.78,2325.61,2197.64,2230.4,2296.036,128.7789241,26.86,26.1,27.89,27.24,26.78,26.974,0.656566828
Batch 6,2341.68,2338.73,2396.91,2277.62,2231.74,2317.336,71.98519061,27.03,24.75,27.48,26.02,26,26.256,1.059070347
Batch 7,2335.92,2235.37,2576.68,2368.85,2284.91,2360.346,150.5912247,27.32,26.04,28.8,24.64,25.95,26.55,1.575087299
Batch 8,2207.09,2369.79,2153.43,2193.73,2209.28,2226.664,95.11280509,25.93,26.29,25.85,26.57,25.59,26.046,0.385331027
Batch 9,1943.77,1953.89,2052.79,2044.85,2388.87,2076.834,191.1860138,24.68,24.12,25.77,24.25,28.26,25.416,1.717157535
Batch 10 ,1943.61,1918.34,1942.22,1930.91,2079.18,1962.852,74.98206202,24.25,23.66,23.86,23.32,26.62,24.342,1.317163619
Batch 11,1854.92,1818.66,1807.77,2036.75,1875.34,1878.688,105.6508385,23.82,23.3,23.31,24.33,24.1,23.772,0.46300108
Batch 12,1913.55,2151.74,1935.76,1902.45,2063.83,1993.466,115.4974812,24.23,26.2,24.99,24.58,24.35,24.87,0.798028822
Batch 13,1768.18,1808.38,2048.03,1858.09,1905.55,1877.646,103.2696394,23.77,23.64,25.92,24.71,23.39,24.286,1.041167614
Batch 14,2116.5,1902.95,1997.3,1912.05,1945.75,1974.91,42.69780195,25.89,23.89,23.91,23.65,24.38,24.344,0.90381414
Batch 15,1519.94,1875.18,1950.19,1980.77,2196.67,1904.55,137.9709828,23.97,25.12,24.83,24.79,25.59,24.86,0.59126982
Batch 16,1892.26,1908.35,1942.9,2055.25,1916.93,1943.138,67.87016692,23.21,23.66,23.9,25.01,22.9,23.736,0.811067198
,,,,,,,,,,,,,,
PS_A1,2645.48,2686.02,2775.53,2853.01,2683.55,2728.718,81.18084929,29.4,30.86,30.93,31.34,30.31,30.568,0.748845779
PS_A2,2779.68,2680.62,2704.56,2710.36,2717.26,2718.496,15.92330786,30.15,29.7,30.17,30.18,30.15,30.07,0.207243818
PS_A3,2601.08,2666.54,2668.61,2587.5,2581.1,2620.966,48.15720117,29.45,28.75,29.26,27.82,28.8,28.816,0.631609056
PS_B1,2520.69,2536.7,2577.96,2583.18,2607.62,2565.23,29.43453471,26.85,27.32,27.8,28.49,28.8,27.852,0.805524674
PS_B2,2584.71,2501,2543.13,2545.13,2499.05,2534.604,25.48955521,28.38,27.39,27.52,29.05,27.38,27.944,0.744667711
PS_B3,2583.42,2607.55,2558.42,2498.45,2424.76,2534.52,78.85660171,29.12,29.29,28.4,28.02,27.61,28.488,0.714191851
PS_C1,2754.56,2657.48,2665.69,2706.71,2686.46,2694.18,22.08870979,30.32,29.43,28.59,29.75,28.61,29.34,0.746993976
PS_C2,2788.08,2752.48,2724.74,2747.25,2682.96,2739.102,31.64301332,29.99,29.18,29.91,29.97,29.79,29.768,0.337816518
PS_C3,2772.16,2743.95,2795.29,2730.31,2827.54,2773.85,45.20810132,29.23,28.87,29.97,29.82,30.09,29.596,0.523239907
,,,,,,,,,,,,,,
PA56_A1,2545.04,2432.32,2397.24,2483.3,2473.11,2466.202,39.53880741,26.1,25.64,26.59,25.82,26.11,26.052,0.360097209
PA56_A2,2524.23,2115.17,2281.55,2314.29,2209.87,2289.022,88.22916902,27,24.25,25.31,25.06,23.87,25.098,1.213577356
PA56_A3,2311.82,2386.77,2190,2346.21,2300.64,2307.088,84.90255297,24.52,25.65,23.68,24.65,24.67,24.634,0.699449784
PA56_B1,2081.92,2070.2,1989.79,1981.88,2022.06,2029.17,40.1061129,22.96,22.32,22.99,22.99,22.72,22.796,0.28918852
PA56_B2,1935.57,1879.5,1912.94,1929.46,,1914.3675,25.45304697,23.8,22.34,22.75,22.28,,22.7925,0.703390598
PA56_B3,1986.14,1993.29,1950.2,1942.5,1988.57,1972.14,26.00102947,22.45,22.5,22.92,22.92,23.21,22.8,0.319921865
PA56_C1,2019.13,2016.9,1999.28,2012.03,2031.11,2015.69,13.15251307,21.78,22.52,21.97,22.85,22.18,22.26,0.429127021
PA56_C2,1841.12,1887.9,1854.01,1997.31,1945.31,1905.13,63.23868034,21.47,21.65,21.31,23.22,22.22,21.974,0.776678827
PA56_C3,1953.01,1925.46,1962.52,2037.87,2110.32,1997.836,82.13512053,22.15,21.77,22.73,23.84,24.34,22.966,1.095869518
